{
  "CentroidKNN": {
    "accuracy": 0.8571428571428571,
    "balanced_accuracy": 0.7864734299516908,
    "f1_macro": 0.7968367346938776,
    "f1_weighted": 0.8501523986217863,
    "train_time_s": 0.5695579051971436
  }
}