{
  "RandomForest": {
    "accuracy": 0.8260869565217391,
    "balanced_accuracy": 0.7561026936026937,
    "f1_macro": 0.7614441509178351,
    "f1_weighted": 0.8248835955929776,
    "train_time_s": 0.751624345779419
  },
  "SVM": {
    "accuracy": 0.7717391304347826,
    "balanced_accuracy": 0.7153479236812571,
    "f1_macro": 0.6763593380614658,
    "f1_weighted": 0.7709990749306198,
    "train_time_s": 2.347386121749878
  },
  "CentroidKNN": {
    "accuracy": 0.6413043478260869,
    "balanced_accuracy": 0.4270482603815937,
    "f1_macro": 0.39398496240601505,
    "f1_weighted": 0.5546256946714613,
    "train_time_s": 0.35126638412475586
  },
  "MobileNetV3": {
    "accuracy": 0.8913043478260869,
    "balanced_accuracy": 0.8380331088664422,
    "f1_macro": 0.8524185958968568,
    "f1_weighted": 0.8891292072766552,
    "train_time_s": 490.31152153015137
  },
  "EfficientNet-B0": {
    "accuracy": 0.9347826086956522,
    "balanced_accuracy": 0.9156846240179574,
    "f1_macro": 0.9156846240179574,
    "f1_weighted": 0.9347826086956522,
    "train_time_s": 678.6485731601715
  }
}